Brand,Model,Price_EUR,Gender,Range_km_claimed,Top_Speed_kmh,Where_to_buy,Source,Version,Model_Year,Range_km_verified,Battery_V,Battery_Ah,Battery_Wh,Motor_Power_W_EU,Torque_Nm,Wheel_Size,Tire_Size,Weight_kg,Payload_kg,Frame,Brakes,Notes,Description_NL
SUPER73,S2,3499,Unisex,64–120,25,https://eu.super73.com/products/super73-s2-bone-white,eu.super73.com,,,110.0,48.0,20.0,960.0,250.0,,,,,,,,EU EPAC; hydraulische remmen; BDGR 20x4.5/5.0 banden,"# SUPER73 S2 — Fat-tire e-bike (960.0 Wh, 25 km/u)

**Kort overzicht**  
Voorzien van een naafmotor (250 W (EU)) voor vlotte stads- en recreatieritten. De geïntegreerde accu is 960.0 Wh (48.0 V, 20.0 Ah). Realistische actieradius (opgave): tot ~110 km onder gunstige omstandigheden. EU-topsnelheid: 25 km/u (pedelec).

## Highlights
- **Soepele aandrijving:** naafmotor (250 W (EU)) met EU-begrenzing.
- **Energiepakket:** 960.0 Wh (48.0 V / 20.0 Ah).
- **Actieradius:** tot ~110 km (conditie-afhankelijk).
- **Bijzonderheden:** EU EPAC; hydraulische remmen; BDGR 20x4.5/5.0 banden.

## Specificaties
**E-systeem**
- Motor: naafmotor (250 W (EU))
- Accu: 960.0 Wh (48.0 V / 20.0 Ah)
- Ondersteuning: tot 25 km/u (EU)

## Prijs & beschikbaarheid (EU)
- Richtprijs (EU): €3.499

## Actieradius
**Actieradius:** tot ~110 km (opgave; afhankelijk van stand/weer/terrein/belasting).

## Wettelijke noot (NL/EU)
Deze fiets is een **pedelec** voor NL/EU: ondersteuning tot **25 km/u**, **max. 250 W** continu, **geen gashendel > 6 km/u**.

## Filters (voor jullie e-bike categorie)
- **Merk:** SUPER73
- **Model + versie:** SUPER73 S2
- **Prijs:** €3.499
- **Actieradius:** ~110 km (opgave)
- **Accucapaciteit:** 960.0 Wh
- **Topsnelheid:** 25 km/u (EU)
- **Heren/Dames:** Unisex

## Links
- **Waar te koop:** https://eu.super73.com/products/super73-s2-bone-white
- **Bron(nen):** eu.super73.com"
SUPER73,ZX,2799,Unisex,—,25,https://eu.super73.com/products/super73-zx-copy,eu.super73.com,,,60.0,48.0,10.0,480.0,250.0,,,,,,,,EU EPAC; Trooper 20x4 banden,"# SUPER73 ZX — Fat-tire e-bike (480.0 Wh, 25 km/u)

**Kort overzicht**  
Voorzien van een naafmotor (250 W (EU)) voor vlotte stads- en recreatieritten. De geïntegreerde accu is 480.0 Wh (48.0 V, 10.0 Ah). Realistische actieradius (opgave): tot ~60 km onder gunstige omstandigheden. EU-topsnelheid: 25 km/u (pedelec).

## Highlights
- **Soepele aandrijving:** naafmotor (250 W (EU)) met EU-begrenzing.
- **Energiepakket:** 480.0 Wh (48.0 V / 10.0 Ah).
- **Actieradius:** tot ~60 km (conditie-afhankelijk).
- **Bijzonderheden:** EU EPAC; Trooper 20x4 banden.

## Specificaties
**E-systeem**
- Motor: naafmotor (250 W (EU))
- Accu: 480.0 Wh (48.0 V / 10.0 Ah)
- Ondersteuning: tot 25 km/u (EU)

## Prijs & beschikbaarheid (EU)
- Richtprijs (EU): €2.799

## Actieradius
**Actieradius:** tot ~60 km (opgave; afhankelijk van stand/weer/terrein/belasting).

## Wettelijke noot (NL/EU)
Deze fiets is een **pedelec** voor NL/EU: ondersteuning tot **25 km/u**, **max. 250 W** continu, **geen gashendel > 6 km/u**.

## Filters (voor jullie e-bike categorie)
- **Merk:** SUPER73
- **Model + versie:** SUPER73 ZX
- **Prijs:** €2.799
- **Actieradius:** ~60 km (opgave)
- **Accucapaciteit:** 480.0 Wh
- **Topsnelheid:** 25 km/u (EU)
- **Heren/Dames:** Unisex

## Links
- **Waar te koop:** https://eu.super73.com/products/super73-zx-copy
- **Bron(nen):** eu.super73.com"
Knaap,AMS X (Black),2299,Unisex,Up to 100,25,https://knaapbikes.com/shop/,knaapbikes.com,,,,,,,,,,,,,,,,"# Knaap AMS X (Black) — Fat-tire e-bike (25 km/u)

**Kort overzicht**  
Fabrikant/retailer claimt tot ~Up to 100 km; praktijk hangt af van terrein, temperatuur, bandenspanning en rijstijl. EU-topsnelheid: 25 km/u (pedelec).

## Highlights
- **Actieradius (claim):** tot ~Up to 100 km (ideale omstandigheden).

## Specificaties
**E-systeem**
- Ondersteuning: tot 25 km/u (EU)

## Prijs & beschikbaarheid (EU)
- Richtprijs (EU): €2.299

## Actieradius
**Actieradius (claim):** tot ~Up to 100 km (ideale omstandigheden; praktijk varieert).

## Wettelijke noot (NL/EU)
Deze fiets is een **pedelec** voor NL/EU: ondersteuning tot **25 km/u**, **max. 250 W** continu, **geen gashendel > 6 km/u**.

## Filters (voor jullie e-bike categorie)
- **Merk:** Knaap
- **Model + versie:** Knaap AMS X (Black)
- **Prijs:** €2.299
- **Actieradius:** ~Up to 100 km (claim)
- **Topsnelheid:** 25 km/u (EU)
- **Heren/Dames:** Unisex

## Links
- **Waar te koop:** https://knaapbikes.com/shop/
- **Bron(nen):** knaapbikes.com"
Knaap,AMS X (Ice Blue),2299,Unisex,Up to 100,25,https://knaapbikes.com/shop/,knaapbikes.com,,,,,,,,,,,,,,,,"# Knaap AMS X (Ice Blue) — Fat-tire e-bike (25 km/u)

**Kort overzicht**  
Fabrikant/retailer claimt tot ~Up to 100 km; praktijk hangt af van terrein, temperatuur, bandenspanning en rijstijl. EU-topsnelheid: 25 km/u (pedelec).

## Highlights
- **Actieradius (claim):** tot ~Up to 100 km (ideale omstandigheden).

## Specificaties
**E-systeem**
- Ondersteuning: tot 25 km/u (EU)

## Prijs & beschikbaarheid (EU)
- Richtprijs (EU): €2.299

## Actieradius
**Actieradius (claim):** tot ~Up to 100 km (ideale omstandigheden; praktijk varieert).

## Wettelijke noot (NL/EU)
Deze fiets is een **pedelec** voor NL/EU: ondersteuning tot **25 km/u**, **max. 250 W** continu, **geen gashendel > 6 km/u**.

## Filters (voor jullie e-bike categorie)
- **Merk:** Knaap
- **Model + versie:** Knaap AMS X (Ice Blue)
- **Prijs:** €2.299
- **Actieradius:** ~Up to 100 km (claim)
- **Topsnelheid:** 25 km/u (EU)
- **Heren/Dames:** Unisex

## Links
- **Waar te koop:** https://knaapbikes.com/shop/
- **Bron(nen):** knaapbikes.com"
Knaap,RTD X,2899,Unisex,—,25,https://knaapbikes.com/shop/,knaapbikes.com,,,100.0,36.0,20.0,720.0,250.0,,,,,,,,ANANDA achternaaf; Shimano 7sp; hydraulische remmen,"# Knaap RTD X — Fat-tire e-bike (720.0 Wh, 25 km/u)

**Kort overzicht**  
Voorzien van een naafmotor (250 W (EU)) voor vlotte stads- en recreatieritten. De geïntegreerde accu is 720.0 Wh (36.0 V, 20.0 Ah). Realistische actieradius (opgave): tot ~100 km onder gunstige omstandigheden. EU-topsnelheid: 25 km/u (pedelec).

## Highlights
- **Soepele aandrijving:** naafmotor (250 W (EU)) met EU-begrenzing.
- **Energiepakket:** 720.0 Wh (36.0 V / 20.0 Ah).
- **Actieradius:** tot ~100 km (conditie-afhankelijk).
- **Bijzonderheden:** ANANDA achternaaf; Shimano 7sp; hydraulische remmen.

## Specificaties
**E-systeem**
- Motor: naafmotor (250 W (EU))
- Accu: 720.0 Wh (36.0 V / 20.0 Ah)
- Ondersteuning: tot 25 km/u (EU)

## Prijs & beschikbaarheid (EU)
- Richtprijs (EU): €2.899

## Actieradius
**Actieradius:** tot ~100 km (opgave; afhankelijk van stand/weer/terrein/belasting).

## Wettelijke noot (NL/EU)
Deze fiets is een **pedelec** voor NL/EU: ondersteuning tot **25 km/u**, **max. 250 W** continu, **geen gashendel > 6 km/u**.

## Filters (voor jullie e-bike categorie)
- **Merk:** Knaap
- **Model + versie:** Knaap RTD X
- **Prijs:** €2.899
- **Actieradius:** ~100 km (opgave)
- **Accucapaciteit:** 720.0 Wh
- **Topsnelheid:** 25 km/u (EU)
- **Heren/Dames:** Unisex

## Links
- **Waar te koop:** https://knaapbikes.com/shop/
- **Bron(nen):** knaapbikes.com"
Knaap,LON (Black),2549,Unisex,—,25,https://knaapbikes.com/shop/,knaapbikes.com,,,,,,,,,,,,,,,,"# Knaap LON (Black) — Fat-tire e-bike (25 km/u)

**Kort overzicht**  
Fabrikant/retailer claimt tot ~— km; praktijk hangt af van terrein, temperatuur, bandenspanning en rijstijl. EU-topsnelheid: 25 km/u (pedelec).

## Highlights
- **Actieradius (claim):** tot ~— km (ideale omstandigheden).

## Specificaties
**E-systeem**
- Ondersteuning: tot 25 km/u (EU)

## Prijs & beschikbaarheid (EU)
- Richtprijs (EU): €2.549

## Actieradius
**Actieradius (claim):** tot ~— km (ideale omstandigheden; praktijk varieert).

## Wettelijke noot (NL/EU)
Deze fiets is een **pedelec** voor NL/EU: ondersteuning tot **25 km/u**, **max. 250 W** continu, **geen gashendel > 6 km/u**.

## Filters (voor jullie e-bike categorie)
- **Merk:** Knaap
- **Model + versie:** Knaap LON (Black)
- **Prijs:** €2.549
- **Actieradius:** ~— km (claim)
- **Topsnelheid:** 25 km/u (EU)
- **Heren/Dames:** Unisex

## Links
- **Waar te koop:** https://knaapbikes.com/shop/
- **Bron(nen):** knaapbikes.com"
Knaap,LON (Sand),2549,Unisex,—,25,https://knaapbikes.com/shop/,knaapbikes.com,,,,,,,,,,,,,,,,"# Knaap LON (Sand) — Fat-tire e-bike (25 km/u)

**Kort overzicht**  
Fabrikant/retailer claimt tot ~— km; praktijk hangt af van terrein, temperatuur, bandenspanning en rijstijl. EU-topsnelheid: 25 km/u (pedelec).

## Highlights
- **Actieradius (claim):** tot ~— km (ideale omstandigheden).

## Specificaties
**E-systeem**
- Ondersteuning: tot 25 km/u (EU)

## Prijs & beschikbaarheid (EU)
- Richtprijs (EU): €2.549

## Actieradius
**Actieradius (claim):** tot ~— km (ideale omstandigheden; praktijk varieert).

## Wettelijke noot (NL/EU)
Deze fiets is een **pedelec** voor NL/EU: ondersteuning tot **25 km/u**, **max. 250 W** continu, **geen gashendel > 6 km/u**.

## Filters (voor jullie e-bike categorie)
- **Merk:** Knaap
- **Model + versie:** Knaap LON (Sand)
- **Prijs:** €2.549
- **Actieradius:** ~— km (claim)
- **Topsnelheid:** 25 km/u (EU)
- **Heren/Dames:** Unisex

## Links
- **Waar te koop:** https://knaapbikes.com/shop/
- **Bron(nen):** knaapbikes.com"
Knaap,BCN (Black),2549,Unisex,—,25,https://knaapbikes.com/shop/,knaapbikes.com,,,,,,,,,,,,,,,,"# Knaap BCN (Black) — Fat-tire e-bike (25 km/u)

**Kort overzicht**  
Fabrikant/retailer claimt tot ~— km; praktijk hangt af van terrein, temperatuur, bandenspanning en rijstijl. EU-topsnelheid: 25 km/u (pedelec).

## Highlights
- **Actieradius (claim):** tot ~— km (ideale omstandigheden).

## Specificaties
**E-systeem**
- Ondersteuning: tot 25 km/u (EU)

## Prijs & beschikbaarheid (EU)
- Richtprijs (EU): €2.549

## Actieradius
**Actieradius (claim):** tot ~— km (ideale omstandigheden; praktijk varieert).

## Wettelijke noot (NL/EU)
Deze fiets is een **pedelec** voor NL/EU: ondersteuning tot **25 km/u**, **max. 250 W** continu, **geen gashendel > 6 km/u**.

## Filters (voor jullie e-bike categorie)
- **Merk:** Knaap
- **Model + versie:** Knaap BCN (Black)
- **Prijs:** €2.549
- **Actieradius:** ~— km (claim)
- **Topsnelheid:** 25 km/u (EU)
- **Heren/Dames:** Unisex

## Links
- **Waar te koop:** https://knaapbikes.com/shop/
- **Bron(nen):** knaapbikes.com"
Knaap,BCN (Deep Green),2549,Unisex,—,25,https://knaapbikes.com/shop/,knaapbikes.com,,,,,,,,,,,,,,,,"# Knaap BCN (Deep Green) — Fat-tire e-bike (25 km/u)

**Kort overzicht**  
Fabrikant/retailer claimt tot ~— km; praktijk hangt af van terrein, temperatuur, bandenspanning en rijstijl. EU-topsnelheid: 25 km/u (pedelec).

## Highlights
- **Actieradius (claim):** tot ~— km (ideale omstandigheden).

## Specificaties
**E-systeem**
- Ondersteuning: tot 25 km/u (EU)

## Prijs & beschikbaarheid (EU)
- Richtprijs (EU): €2.549

## Actieradius
**Actieradius (claim):** tot ~— km (ideale omstandigheden; praktijk varieert).

## Wettelijke noot (NL/EU)
Deze fiets is een **pedelec** voor NL/EU: ondersteuning tot **25 km/u**, **max. 250 W** continu, **geen gashendel > 6 km/u**.

## Filters (voor jullie e-bike categorie)
- **Merk:** Knaap
- **Model + versie:** Knaap BCN (Deep Green)
- **Prijs:** €2.549
- **Actieradius:** ~— km (claim)
- **Topsnelheid:** 25 km/u (EU)
- **Heren/Dames:** Unisex

## Links
- **Waar te koop:** https://knaapbikes.com/shop/
- **Bron(nen):** knaapbikes.com"
Knaap,NYC,3199,Unisex,—,25,https://knaapbikes.com/shop/,knaapbikes.com,,,100.0,36.0,20.0,720.0,250.0,,,,,,,,ANANDA achternaaf; Shimano 7sp; hydraulische remmen,"# Knaap NYC — Fat-tire e-bike (720.0 Wh, 25 km/u)

**Kort overzicht**  
Voorzien van een naafmotor (250 W (EU)) voor vlotte stads- en recreatieritten. De geïntegreerde accu is 720.0 Wh (36.0 V, 20.0 Ah). Realistische actieradius (opgave): tot ~100 km onder gunstige omstandigheden. EU-topsnelheid: 25 km/u (pedelec).

## Highlights
- **Soepele aandrijving:** naafmotor (250 W (EU)) met EU-begrenzing.
- **Energiepakket:** 720.0 Wh (36.0 V / 20.0 Ah).
- **Actieradius:** tot ~100 km (conditie-afhankelijk).
- **Bijzonderheden:** ANANDA achternaaf; Shimano 7sp; hydraulische remmen.

## Specificaties
**E-systeem**
- Motor: naafmotor (250 W (EU))
- Accu: 720.0 Wh (36.0 V / 20.0 Ah)
- Ondersteuning: tot 25 km/u (EU)

## Prijs & beschikbaarheid (EU)
- Richtprijs (EU): €3.199

## Actieradius
**Actieradius:** tot ~100 km (opgave; afhankelijk van stand/weer/terrein/belasting).

## Wettelijke noot (NL/EU)
Deze fiets is een **pedelec** voor NL/EU: ondersteuning tot **25 km/u**, **max. 250 W** continu, **geen gashendel > 6 km/u**.

## Filters (voor jullie e-bike categorie)
- **Merk:** Knaap
- **Model + versie:** Knaap NYC
- **Prijs:** €3.199
- **Actieradius:** ~100 km (opgave)
- **Accucapaciteit:** 720.0 Wh
- **Topsnelheid:** 25 km/u (EU)
- **Heren/Dames:** Unisex

## Links
- **Waar te koop:** https://knaapbikes.com/shop/
- **Bron(nen):** knaapbikes.com"
Knaap,LAX,3199,Unisex,—,25,https://knaapbikes.com/shop/,knaapbikes.com,,,100.0,36.0,20.0,720.0,250.0,,,,,,,,ANANDA achternaaf; Shimano 7sp; hydraulische remmen,"# Knaap LAX — Fat-tire e-bike (720.0 Wh, 25 km/u)

**Kort overzicht**  
Voorzien van een naafmotor (250 W (EU)) voor vlotte stads- en recreatieritten. De geïntegreerde accu is 720.0 Wh (36.0 V, 20.0 Ah). Realistische actieradius (opgave): tot ~100 km onder gunstige omstandigheden. EU-topsnelheid: 25 km/u (pedelec).

## Highlights
- **Soepele aandrijving:** naafmotor (250 W (EU)) met EU-begrenzing.
- **Energiepakket:** 720.0 Wh (36.0 V / 20.0 Ah).
- **Actieradius:** tot ~100 km (conditie-afhankelijk).
- **Bijzonderheden:** ANANDA achternaaf; Shimano 7sp; hydraulische remmen.

## Specificaties
**E-systeem**
- Motor: naafmotor (250 W (EU))
- Accu: 720.0 Wh (36.0 V / 20.0 Ah)
- Ondersteuning: tot 25 km/u (EU)

## Prijs & beschikbaarheid (EU)
- Richtprijs (EU): €3.199

## Actieradius
**Actieradius:** tot ~100 km (opgave; afhankelijk van stand/weer/terrein/belasting).

## Wettelijke noot (NL/EU)
Deze fiets is een **pedelec** voor NL/EU: ondersteuning tot **25 km/u**, **max. 250 W** continu, **geen gashendel > 6 km/u**.

## Filters (voor jullie e-bike categorie)
- **Merk:** Knaap
- **Model + versie:** Knaap LAX
- **Prijs:** €3.199
- **Actieradius:** ~100 km (opgave)
- **Accucapaciteit:** 720.0 Wh
- **Topsnelheid:** 25 km/u (EU)
- **Heren/Dames:** Unisex

## Links
- **Waar te koop:** https://knaapbikes.com/shop/
- **Bron(nen):** knaapbikes.com"
Phatfour,FLS+,—,Unisex,45–65,25,https://www.phatfour.com/fls,phatfour.com,,,,36.0,,470–630,250.0,,,,,,,,Bafang hub; opties per trim (FLX+ met Gates riem),"# Phatfour FLS+ — Fat-tire e-bike (470–630 Wh, 25 km/u)

**Kort overzicht**  
Voorzien van een naafmotor (250 W (EU)) voor vlotte stads- en recreatieritten. De geïntegreerde accu is 470–630 Wh. Fabrikant/retailer claimt tot ~45–65 km; praktijk hangt af van terrein, temperatuur, bandenspanning en rijstijl. EU-topsnelheid: 25 km/u (pedelec).

## Highlights
- **Soepele aandrijving:** naafmotor (250 W (EU)) met EU-begrenzing.
- **Energiepakket:** 470–630 Wh.
- **Actieradius (claim):** tot ~45–65 km (ideale omstandigheden).
- **Bijzonderheden:** Bafang hub; opties per trim (FLX+ met Gates riem).

## Specificaties
**E-systeem**
- Motor: naafmotor (250 W (EU))
- Accu: 470–630 Wh
- Ondersteuning: tot 25 km/u (EU)

## Prijs & beschikbaarheid (EU)
- Richtprijs (EU): €—

## Actieradius
**Actieradius (claim):** tot ~45–65 km (ideale omstandigheden; praktijk varieert).

## Wettelijke noot (NL/EU)
Deze fiets is een **pedelec** voor NL/EU: ondersteuning tot **25 km/u**, **max. 250 W** continu, **geen gashendel > 6 km/u**.

## Filters (voor jullie e-bike categorie)
- **Merk:** Phatfour
- **Model + versie:** Phatfour FLS+
- **Prijs:** €—
- **Actieradius:** ~45–65 km (claim)
- **Accucapaciteit:** 470–630 Wh
- **Topsnelheid:** 25 km/u (EU)
- **Heren/Dames:** Unisex

## Links
- **Waar te koop:** https://www.phatfour.com/fls
- **Bron(nen):** phatfour.com"
Phatfour,FLB+,—,Unisex,45–65,25,https://www.phatfour.com/flb,phatfour.com,,,,36.0,,470–630,250.0,,,,,,,,Bafang hub; opties per trim (FLX+ met Gates riem),"# Phatfour FLB+ — Fat-tire e-bike (470–630 Wh, 25 km/u)

**Kort overzicht**  
Voorzien van een naafmotor (250 W (EU)) voor vlotte stads- en recreatieritten. De geïntegreerde accu is 470–630 Wh. Fabrikant/retailer claimt tot ~45–65 km; praktijk hangt af van terrein, temperatuur, bandenspanning en rijstijl. EU-topsnelheid: 25 km/u (pedelec).

## Highlights
- **Soepele aandrijving:** naafmotor (250 W (EU)) met EU-begrenzing.
- **Energiepakket:** 470–630 Wh.
- **Actieradius (claim):** tot ~45–65 km (ideale omstandigheden).
- **Bijzonderheden:** Bafang hub; opties per trim (FLX+ met Gates riem).

## Specificaties
**E-systeem**
- Motor: naafmotor (250 W (EU))
- Accu: 470–630 Wh
- Ondersteuning: tot 25 km/u (EU)

## Prijs & beschikbaarheid (EU)
- Richtprijs (EU): €—

## Actieradius
**Actieradius (claim):** tot ~45–65 km (ideale omstandigheden; praktijk varieert).

## Wettelijke noot (NL/EU)
Deze fiets is een **pedelec** voor NL/EU: ondersteuning tot **25 km/u**, **max. 250 W** continu, **geen gashendel > 6 km/u**.

## Filters (voor jullie e-bike categorie)
- **Merk:** Phatfour
- **Model + versie:** Phatfour FLB+
- **Prijs:** €—
- **Actieradius:** ~45–65 km (claim)
- **Accucapaciteit:** 470–630 Wh
- **Topsnelheid:** 25 km/u (EU)
- **Heren/Dames:** Unisex

## Links
- **Waar te koop:** https://www.phatfour.com/flb
- **Bron(nen):** phatfour.com"
Phatfour,FLX,—,Unisex,Up to 100,25,https://www.phatfour.com/flx,phatfour.com,,,,36.0,,470–630,250.0,,,,,,,,Bafang hub; opties per trim (FLX+ met Gates riem),"# Phatfour FLX — Fat-tire e-bike (470–630 Wh, 25 km/u)

**Kort overzicht**  
Voorzien van een naafmotor (250 W (EU)) voor vlotte stads- en recreatieritten. De geïntegreerde accu is 470–630 Wh. Fabrikant/retailer claimt tot ~Up to 100 km; praktijk hangt af van terrein, temperatuur, bandenspanning en rijstijl. EU-topsnelheid: 25 km/u (pedelec).

## Highlights
- **Soepele aandrijving:** naafmotor (250 W (EU)) met EU-begrenzing.
- **Energiepakket:** 470–630 Wh.
- **Actieradius (claim):** tot ~Up to 100 km (ideale omstandigheden).
- **Bijzonderheden:** Bafang hub; opties per trim (FLX+ met Gates riem).

## Specificaties
**E-systeem**
- Motor: naafmotor (250 W (EU))
- Accu: 470–630 Wh
- Ondersteuning: tot 25 km/u (EU)

## Prijs & beschikbaarheid (EU)
- Richtprijs (EU): €—

## Actieradius
**Actieradius (claim):** tot ~Up to 100 km (ideale omstandigheden; praktijk varieert).

## Wettelijke noot (NL/EU)
Deze fiets is een **pedelec** voor NL/EU: ondersteuning tot **25 km/u**, **max. 250 W** continu, **geen gashendel > 6 km/u**.

## Filters (voor jullie e-bike categorie)
- **Merk:** Phatfour
- **Model + versie:** Phatfour FLX
- **Prijs:** €—
- **Actieradius:** ~Up to 100 km (claim)
- **Accucapaciteit:** 470–630 Wh
- **Topsnelheid:** 25 km/u (EU)
- **Heren/Dames:** Unisex

## Links
- **Waar te koop:** https://www.phatfour.com/flx
- **Bron(nen):** phatfour.com"
Phatfour,FLX+ (belt),—,Unisex,65–98,25,https://www.phatfour.com/flx-plus,phatfour.com,,,,,,,,,,,,,,,,"# Phatfour FLX+ (belt) — Fat-tire e-bike (25 km/u)

**Kort overzicht**  
Fabrikant/retailer claimt tot ~65–98 km; praktijk hangt af van terrein, temperatuur, bandenspanning en rijstijl. EU-topsnelheid: 25 km/u (pedelec).

## Highlights
- **Actieradius (claim):** tot ~65–98 km (ideale omstandigheden).

## Specificaties
**E-systeem**
- Ondersteuning: tot 25 km/u (EU)

## Prijs & beschikbaarheid (EU)
- Richtprijs (EU): €—

## Actieradius
**Actieradius (claim):** tot ~65–98 km (ideale omstandigheden; praktijk varieert).

## Wettelijke noot (NL/EU)
Deze fiets is een **pedelec** voor NL/EU: ondersteuning tot **25 km/u**, **max. 250 W** continu, **geen gashendel > 6 km/u**.

## Filters (voor jullie e-bike categorie)
- **Merk:** Phatfour
- **Model + versie:** Phatfour FLX+ (belt)
- **Prijs:** €—
- **Actieradius:** ~65–98 km (claim)
- **Topsnelheid:** 25 km/u (EU)
- **Heren/Dames:** Unisex

## Links
- **Waar te koop:** https://www.phatfour.com/flx-plus
- **Bron(nen):** phatfour.com"
Urban Drivestyle,UNI MK Classic,2990,Unisex,Up to 80–100,25,https://urbandrivestyle.com/products/unimoke-mk,thepack.news / madeone.com,,,80.0,48.0,14.25,684,250.0,,,,,,,,EU 250W; moped-style frame,"# Urban Drivestyle UNI MK Classic — Fat-tire e-bike (684 Wh, 25 km/u)

**Kort overzicht**  
Voorzien van een naafmotor (250 W (EU)) voor vlotte stads- en recreatieritten. De geïntegreerde accu is 684 Wh (48.0 V, 14.25 Ah). Realistische actieradius (opgave): tot ~80 km onder gunstige omstandigheden. EU-topsnelheid: 25 km/u (pedelec).

## Highlights
- **Soepele aandrijving:** naafmotor (250 W (EU)) met EU-begrenzing.
- **Energiepakket:** 684 Wh (48.0 V / 14.25 Ah).
- **Actieradius:** tot ~80 km (conditie-afhankelijk).
- **Bijzonderheden:** EU 250W; moped-style frame.

## Specificaties
**E-systeem**
- Motor: naafmotor (250 W (EU))
- Accu: 684 Wh (48.0 V / 14.25 Ah)
- Ondersteuning: tot 25 km/u (EU)

## Prijs & beschikbaarheid (EU)
- Richtprijs (EU): €2.990

## Actieradius
**Actieradius:** tot ~80 km (opgave; afhankelijk van stand/weer/terrein/belasting).

## Wettelijke noot (NL/EU)
Deze fiets is een **pedelec** voor NL/EU: ondersteuning tot **25 km/u**, **max. 250 W** continu, **geen gashendel > 6 km/u**.

## Filters (voor jullie e-bike categorie)
- **Merk:** Urban Drivestyle
- **Model + versie:** Urban Drivestyle UNI MK Classic
- **Prijs:** €2.990
- **Actieradius:** ~80 km (opgave)
- **Accucapaciteit:** 684 Wh
- **Topsnelheid:** 25 km/u (EU)
- **Heren/Dames:** Unisex

## Links
- **Waar te koop:** https://urbandrivestyle.com/products/unimoke-mk
- **Bron(nen):** thepack.news / madeone.com"
Fiido,M1 Pro,1049,Unisex,Up to 100,25,https://eu.fiido.com/products/fiido-m1-pro-fat-tire-electric-bike,eu.fiido.com,,,88.0,48.0,11.6,556.8,250.0,,,,,,,,Full-suspension vouwfiets,"# Fiido M1 Pro — Fat-tire e-bike (556.8 Wh, 25 km/u)

**Kort overzicht**  
Voorzien van een naafmotor (250 W (EU)) voor vlotte stads- en recreatieritten. De geïntegreerde accu is 556.8 Wh (48.0 V, 11.6 Ah). Realistische actieradius (opgave): tot ~88 km onder gunstige omstandigheden. EU-topsnelheid: 25 km/u (pedelec).

## Highlights
- **Soepele aandrijving:** naafmotor (250 W (EU)) met EU-begrenzing.
- **Energiepakket:** 556.8 Wh (48.0 V / 11.6 Ah).
- **Actieradius:** tot ~88 km (conditie-afhankelijk).
- **Bijzonderheden:** Full-suspension vouwfiets.

## Specificaties
**E-systeem**
- Motor: naafmotor (250 W (EU))
- Accu: 556.8 Wh (48.0 V / 11.6 Ah)
- Ondersteuning: tot 25 km/u (EU)

## Prijs & beschikbaarheid (EU)
- Richtprijs (EU): €1.049

## Actieradius
**Actieradius:** tot ~88 km (opgave; afhankelijk van stand/weer/terrein/belasting).

## Wettelijke noot (NL/EU)
Deze fiets is een **pedelec** voor NL/EU: ondersteuning tot **25 km/u**, **max. 250 W** continu, **geen gashendel > 6 km/u**.

## Filters (voor jullie e-bike categorie)
- **Merk:** Fiido
- **Model + versie:** Fiido M1 Pro
- **Prijs:** €1.049
- **Actieradius:** ~88 km (opgave)
- **Accucapaciteit:** 556.8 Wh
- **Topsnelheid:** 25 km/u (EU)
- **Heren/Dames:** Unisex

## Links
- **Waar te koop:** https://eu.fiido.com/products/fiido-m1-pro-fat-tire-electric-bike
- **Bron(nen):** eu.fiido.com"
ENGWE,EP-2 Pro,1099,Unisex,Up to 120,25,https://engwe-bikes-eu.com/products/ep-2-pro-750w-folding-electric-mountain-bike,engwe-bikes-eu.com,,,120.0,48.0,13.0,624,250.0,,,,,,,,EU 25 km/u,"# ENGWE EP-2 Pro — Fat-tire e-bike (624 Wh, 25 km/u)

**Kort overzicht**  
Voorzien van een naafmotor (250 W (EU)) voor vlotte stads- en recreatieritten. De geïntegreerde accu is 624 Wh (48.0 V, 13.0 Ah). Realistische actieradius (opgave): tot ~120 km onder gunstige omstandigheden. EU-topsnelheid: 25 km/u (pedelec).

## Highlights
- **Soepele aandrijving:** naafmotor (250 W (EU)) met EU-begrenzing.
- **Energiepakket:** 624 Wh (48.0 V / 13.0 Ah).
- **Actieradius:** tot ~120 km (conditie-afhankelijk).
- **Bijzonderheden:** EU 25 km/u.

## Specificaties
**E-systeem**
- Motor: naafmotor (250 W (EU))
- Accu: 624 Wh (48.0 V / 13.0 Ah)
- Ondersteuning: tot 25 km/u (EU)

## Prijs & beschikbaarheid (EU)
- Richtprijs (EU): €1.099

## Actieradius
**Actieradius:** tot ~120 km (opgave; afhankelijk van stand/weer/terrein/belasting).

## Wettelijke noot (NL/EU)
Deze fiets is een **pedelec** voor NL/EU: ondersteuning tot **25 km/u**, **max. 250 W** continu, **geen gashendel > 6 km/u**.

## Filters (voor jullie e-bike categorie)
- **Merk:** ENGWE
- **Model + versie:** ENGWE EP-2 Pro
- **Prijs:** €1.099
- **Actieradius:** ~120 km (opgave)
- **Accucapaciteit:** 624 Wh
- **Topsnelheid:** 25 km/u (EU)
- **Heren/Dames:** Unisex

## Links
- **Waar te koop:** https://engwe-bikes-eu.com/products/ep-2-pro-750w-folding-electric-mountain-bike
- **Bron(nen):** engwe-bikes-eu.com"
ENGWE,Engine Pro 2.0,—,Unisex,—,25,https://engwe-bikes.com,engwe,,,110.0,48.0,16.0,768,250.0,75.0,,,,,,,Vol geveerd,"# ENGWE Engine Pro 2.0 — Fat-tire e-bike (768 Wh, 75 Nm, 25 km/u)

**Kort overzicht**  
Voorzien van een naafmotor (250 W (EU) / 75 Nm) voor vlotte stads- en recreatieritten. De geïntegreerde accu is 768 Wh (48.0 V, 16.0 Ah). Realistische actieradius (opgave): tot ~110 km onder gunstige omstandigheden. EU-topsnelheid: 25 km/u (pedelec).

## Highlights
- **Soepele aandrijving:** naafmotor (250 W (EU) / 75 Nm) met EU-begrenzing.
- **Energiepakket:** 768 Wh (48.0 V / 16.0 Ah).
- **Actieradius:** tot ~110 km (conditie-afhankelijk).
- **Bijzonderheden:** Vol geveerd.

## Specificaties
**E-systeem**
- Motor: naafmotor (250 W (EU) / 75 Nm)
- Accu: 768 Wh (48.0 V / 16.0 Ah)
- Ondersteuning: tot 25 km/u (EU)

## Prijs & beschikbaarheid (EU)
- Richtprijs (EU): €—

## Actieradius
**Actieradius:** tot ~110 km (opgave; afhankelijk van stand/weer/terrein/belasting).

## Wettelijke noot (NL/EU)
Deze fiets is een **pedelec** voor NL/EU: ondersteuning tot **25 km/u**, **max. 250 W** continu, **geen gashendel > 6 km/u**.

## Filters (voor jullie e-bike categorie)
- **Merk:** ENGWE
- **Model + versie:** ENGWE Engine Pro 2.0
- **Prijs:** €—
- **Actieradius:** ~110 km (opgave)
- **Accucapaciteit:** 768 Wh
- **Topsnelheid:** 25 km/u (EU)
- **Heren/Dames:** Unisex

## Links
- **Waar te koop:** https://engwe-bikes.com
- **Bron(nen):** engwe"
ENGWE,X26,1600–2499,Unisex,Up to 150,25,https://engwe-bikes-eu.com/products/x26,engwe-bikes-eu.com,,,150.0,48.0,29.2,1401.6,250.0,,,,,,,,Dual battery (10Ah+19.2Ah),"# ENGWE X26 — Fat-tire e-bike (1401.6 Wh, 25 km/u)

**Kort overzicht**  
Voorzien van een naafmotor (250 W (EU)) voor vlotte stads- en recreatieritten. De geïntegreerde accu is 1401.6 Wh (48.0 V, 29.2 Ah). Realistische actieradius (opgave): tot ~150 km onder gunstige omstandigheden. EU-topsnelheid: 25 km/u (pedelec).

## Highlights
- **Soepele aandrijving:** naafmotor (250 W (EU)) met EU-begrenzing.
- **Energiepakket:** 1401.6 Wh (48.0 V / 29.2 Ah).
- **Actieradius:** tot ~150 km (conditie-afhankelijk).
- **Bijzonderheden:** Dual battery (10Ah+19.2Ah).

## Specificaties
**E-systeem**
- Motor: naafmotor (250 W (EU))
- Accu: 1401.6 Wh (48.0 V / 29.2 Ah)
- Ondersteuning: tot 25 km/u (EU)

## Prijs & beschikbaarheid (EU)
- Richtprijs (EU): €1600–2499

## Actieradius
**Actieradius:** tot ~150 km (opgave; afhankelijk van stand/weer/terrein/belasting).

## Wettelijke noot (NL/EU)
Deze fiets is een **pedelec** voor NL/EU: ondersteuning tot **25 km/u**, **max. 250 W** continu, **geen gashendel > 6 km/u**.

## Filters (voor jullie e-bike categorie)
- **Merk:** ENGWE
- **Model + versie:** ENGWE X26
- **Prijs:** €1600–2499
- **Actieradius:** ~150 km (opgave)
- **Accucapaciteit:** 1401.6 Wh
- **Topsnelheid:** 25 km/u (EU)
- **Heren/Dames:** Unisex

## Links
- **Waar te koop:** https://engwe-bikes-eu.com/products/x26
- **Bron(nen):** engwe-bikes-eu.com"
ENGWE,M20 (dual battery),—,Unisex,—,25,https://engwe-bikes.com,engwe,,,,,,,,,,,,,,,,"# ENGWE M20 (dual battery) — Fat-tire e-bike (25 km/u)

**Kort overzicht**  
Fabrikant/retailer claimt tot ~— km; praktijk hangt af van terrein, temperatuur, bandenspanning en rijstijl. EU-topsnelheid: 25 km/u (pedelec).

## Highlights
- **Actieradius (claim):** tot ~— km (ideale omstandigheden).

## Specificaties
**E-systeem**
- Ondersteuning: tot 25 km/u (EU)

## Prijs & beschikbaarheid (EU)
- Richtprijs (EU): €—

## Actieradius
**Actieradius (claim):** tot ~— km (ideale omstandigheden; praktijk varieert).

## Wettelijke noot (NL/EU)
Deze fiets is een **pedelec** voor NL/EU: ondersteuning tot **25 km/u**, **max. 250 W** continu, **geen gashendel > 6 km/u**.

## Filters (voor jullie e-bike categorie)
- **Merk:** ENGWE
- **Model + versie:** ENGWE M20 (dual battery)
- **Prijs:** €—
- **Actieradius:** ~— km (claim)
- **Topsnelheid:** 25 km/u (EU)
- **Heren/Dames:** Unisex

## Links
- **Waar te koop:** https://engwe-bikes.com
- **Bron(nen):** engwe"
ENGWE,L20,—,Unisex,—,25,https://engwe-bikes.com,engwe,,,140.0,48.0,13.0,624,250.0,50.0,,,,,,,Step-through,"# ENGWE L20 — Fat-tire e-bike (624 Wh, 50 Nm, 25 km/u)

**Kort overzicht**  
Voorzien van een naafmotor (250 W (EU) / 50 Nm) voor vlotte stads- en recreatieritten. De geïntegreerde accu is 624 Wh (48.0 V, 13.0 Ah). Realistische actieradius (opgave): tot ~140 km onder gunstige omstandigheden. EU-topsnelheid: 25 km/u (pedelec).

## Highlights
- **Soepele aandrijving:** naafmotor (250 W (EU) / 50 Nm) met EU-begrenzing.
- **Energiepakket:** 624 Wh (48.0 V / 13.0 Ah).
- **Actieradius:** tot ~140 km (conditie-afhankelijk).
- **Bijzonderheden:** Step-through.

## Specificaties
**E-systeem**
- Motor: naafmotor (250 W (EU) / 50 Nm)
- Accu: 624 Wh (48.0 V / 13.0 Ah)
- Ondersteuning: tot 25 km/u (EU)

## Prijs & beschikbaarheid (EU)
- Richtprijs (EU): €—

## Actieradius
**Actieradius:** tot ~140 km (opgave; afhankelijk van stand/weer/terrein/belasting).

## Wettelijke noot (NL/EU)
Deze fiets is een **pedelec** voor NL/EU: ondersteuning tot **25 km/u**, **max. 250 W** continu, **geen gashendel > 6 km/u**.

## Filters (voor jullie e-bike categorie)
- **Merk:** ENGWE
- **Model + versie:** ENGWE L20
- **Prijs:** €—
- **Actieradius:** ~140 km (opgave)
- **Accucapaciteit:** 624 Wh
- **Topsnelheid:** 25 km/u (EU)
- **Heren/Dames:** Unisex

## Links
- **Waar te koop:** https://engwe-bikes.com
- **Bron(nen):** engwe"
Himiway,Big Dog,—,Unisex,96–128 (claimed miles 60–80),25,https://uk.himiwaybike.com/products/electric-cargo-bike,himiwaybike.com,,,,48.0,20.0,960,250.0,,,,,,,,Cargo fatbike,"# Himiway Big Dog — Fat-tire e-bike (960 Wh, 25 km/u)

**Kort overzicht**  
Voorzien van een naafmotor (250 W (EU)) voor vlotte stads- en recreatieritten. De geïntegreerde accu is 960 Wh (48.0 V, 20.0 Ah). Fabrikant/retailer claimt tot ~96–128 (claimed miles 60–80) km; praktijk hangt af van terrein, temperatuur, bandenspanning en rijstijl. EU-topsnelheid: 25 km/u (pedelec).

## Highlights
- **Soepele aandrijving:** naafmotor (250 W (EU)) met EU-begrenzing.
- **Energiepakket:** 960 Wh (48.0 V / 20.0 Ah).
- **Actieradius (claim):** tot ~96–128 (claimed miles 60–80) km (ideale omstandigheden).
- **Bijzonderheden:** Cargo fatbike.

## Specificaties
**E-systeem**
- Motor: naafmotor (250 W (EU))
- Accu: 960 Wh (48.0 V / 20.0 Ah)
- Ondersteuning: tot 25 km/u (EU)

## Prijs & beschikbaarheid (EU)
- Richtprijs (EU): €—

## Actieradius
**Actieradius (claim):** tot ~96–128 (claimed miles 60–80) km (ideale omstandigheden; praktijk varieert).

## Wettelijke noot (NL/EU)
Deze fiets is een **pedelec** voor NL/EU: ondersteuning tot **25 km/u**, **max. 250 W** continu, **geen gashendel > 6 km/u**.

## Filters (voor jullie e-bike categorie)
- **Merk:** Himiway
- **Model + versie:** Himiway Big Dog
- **Prijs:** €—
- **Actieradius:** ~96–128 (claimed miles 60–80) km (claim)
- **Accucapaciteit:** 960 Wh
- **Topsnelheid:** 25 km/u (EU)
- **Heren/Dames:** Unisex

## Links
- **Waar te koop:** https://uk.himiwaybike.com/products/electric-cargo-bike
- **Bron(nen):** himiwaybike.com"
Himiway,Zebra (D5),—,Unisex,Up to ~130 (claimed),25,https://himiwaybike.com/,himiwaybike.com,,,128.0,48.0,20.0,960,250.0,,,,,,,,All-terrain,"# Himiway Zebra (D5) — Fat-tire e-bike (960 Wh, 25 km/u)

**Kort overzicht**  
Voorzien van een naafmotor (250 W (EU)) voor vlotte stads- en recreatieritten. De geïntegreerde accu is 960 Wh (48.0 V, 20.0 Ah). Realistische actieradius (opgave): tot ~128 km onder gunstige omstandigheden. EU-topsnelheid: 25 km/u (pedelec).

## Highlights
- **Soepele aandrijving:** naafmotor (250 W (EU)) met EU-begrenzing.
- **Energiepakket:** 960 Wh (48.0 V / 20.0 Ah).
- **Actieradius:** tot ~128 km (conditie-afhankelijk).
- **Bijzonderheden:** All-terrain.

## Specificaties
**E-systeem**
- Motor: naafmotor (250 W (EU))
- Accu: 960 Wh (48.0 V / 20.0 Ah)
- Ondersteuning: tot 25 km/u (EU)

## Prijs & beschikbaarheid (EU)
- Richtprijs (EU): €—

## Actieradius
**Actieradius:** tot ~128 km (opgave; afhankelijk van stand/weer/terrein/belasting).

## Wettelijke noot (NL/EU)
Deze fiets is een **pedelec** voor NL/EU: ondersteuning tot **25 km/u**, **max. 250 W** continu, **geen gashendel > 6 km/u**.

## Filters (voor jullie e-bike categorie)
- **Merk:** Himiway
- **Model + versie:** Himiway Zebra (D5)
- **Prijs:** €—
- **Actieradius:** ~128 km (opgave)
- **Accucapaciteit:** 960 Wh
- **Topsnelheid:** 25 km/u (EU)
- **Heren/Dames:** Unisex

## Links
- **Waar te koop:** https://himiwaybike.com/
- **Bron(nen):** himiwaybike.com"
Himiway,Cruiser (D3),—,Unisex,—,25,https://himiwaybike.com/,himiwaybike.com,,,,,,,,,,,,,,,,"# Himiway Cruiser (D3) — Fat-tire e-bike (25 km/u)

**Kort overzicht**  
Fabrikant/retailer claimt tot ~— km; praktijk hangt af van terrein, temperatuur, bandenspanning en rijstijl. EU-topsnelheid: 25 km/u (pedelec).

## Highlights
- **Actieradius (claim):** tot ~— km (ideale omstandigheden).

## Specificaties
**E-systeem**
- Ondersteuning: tot 25 km/u (EU)

## Prijs & beschikbaarheid (EU)
- Richtprijs (EU): €—

## Actieradius
**Actieradius (claim):** tot ~— km (ideale omstandigheden; praktijk varieert).

## Wettelijke noot (NL/EU)
Deze fiets is een **pedelec** voor NL/EU: ondersteuning tot **25 km/u**, **max. 250 W** continu, **geen gashendel > 6 km/u**.

## Filters (voor jullie e-bike categorie)
- **Merk:** Himiway
- **Model + versie:** Himiway Cruiser (D3)
- **Prijs:** €—
- **Actieradius:** ~— km (claim)
- **Topsnelheid:** 25 km/u (EU)
- **Heren/Dames:** Unisex

## Links
- **Waar te koop:** https://himiwaybike.com/
- **Bron(nen):** himiwaybike.com"
Himiway,Cruiser ST (D3 ST),—,Unisex,—,25,https://himiwaybike.com/,himiwaybike.com,,,,,,,,,,,,,,,,"# Himiway Cruiser ST (D3 ST) — Fat-tire e-bike (25 km/u)

**Kort overzicht**  
Fabrikant/retailer claimt tot ~— km; praktijk hangt af van terrein, temperatuur, bandenspanning en rijstijl. EU-topsnelheid: 25 km/u (pedelec).

## Highlights
- **Actieradius (claim):** tot ~— km (ideale omstandigheden).

## Specificaties
**E-systeem**
- Ondersteuning: tot 25 km/u (EU)

## Prijs & beschikbaarheid (EU)
- Richtprijs (EU): €—

## Actieradius
**Actieradius (claim):** tot ~— km (ideale omstandigheden; praktijk varieert).

## Wettelijke noot (NL/EU)
Deze fiets is een **pedelec** voor NL/EU: ondersteuning tot **25 km/u**, **max. 250 W** continu, **geen gashendel > 6 km/u**.

## Filters (voor jullie e-bike categorie)
- **Merk:** Himiway
- **Model + versie:** Himiway Cruiser ST (D3 ST)
- **Prijs:** €—
- **Actieradius:** ~— km (claim)
- **Topsnelheid:** 25 km/u (EU)
- **Heren/Dames:** Unisex

## Links
- **Waar te koop:** https://himiwaybike.com/
- **Bron(nen):** himiwaybike.com"
Himiway,Cobra (D7),—,Unisex,—,25,https://himiwaybike.com/,himiwaybike.com,,,,,,,,,,,,,,,,"# Himiway Cobra (D7) — Fat-tire e-bike (25 km/u)

**Kort overzicht**  
Fabrikant/retailer claimt tot ~— km; praktijk hangt af van terrein, temperatuur, bandenspanning en rijstijl. EU-topsnelheid: 25 km/u (pedelec).

## Highlights
- **Actieradius (claim):** tot ~— km (ideale omstandigheden).

## Specificaties
**E-systeem**
- Ondersteuning: tot 25 km/u (EU)

## Prijs & beschikbaarheid (EU)
- Richtprijs (EU): €—

## Actieradius
**Actieradius (claim):** tot ~— km (ideale omstandigheden; praktijk varieert).

## Wettelijke noot (NL/EU)
Deze fiets is een **pedelec** voor NL/EU: ondersteuning tot **25 km/u**, **max. 250 W** continu, **geen gashendel > 6 km/u**.

## Filters (voor jullie e-bike categorie)
- **Merk:** Himiway
- **Model + versie:** Himiway Cobra (D7)
- **Prijs:** €—
- **Actieradius:** ~— km (claim)
- **Topsnelheid:** 25 km/u (EU)
- **Heren/Dames:** Unisex

## Links
- **Waar te koop:** https://himiwaybike.com/
- **Bron(nen):** himiwaybike.com"
Cyrusher,Kommoda 3.0,1699,Unisex,—,25,https://cyrusher.eu/collections/electric-bikes,cyrusher.eu,,,110.0,48.0,20.0,960,250.0,85.0,,,,,,,Step-through; torque sensor,"# Cyrusher Kommoda 3.0 — Fat-tire e-bike (960 Wh, 85 Nm, 25 km/u)

**Kort overzicht**  
Voorzien van een naafmotor (250 W (EU) / 85 Nm) voor vlotte stads- en recreatieritten. De geïntegreerde accu is 960 Wh (48.0 V, 20.0 Ah). Realistische actieradius (opgave): tot ~110 km onder gunstige omstandigheden. EU-topsnelheid: 25 km/u (pedelec).

## Highlights
- **Soepele aandrijving:** naafmotor (250 W (EU) / 85 Nm) met EU-begrenzing.
- **Energiepakket:** 960 Wh (48.0 V / 20.0 Ah).
- **Actieradius:** tot ~110 km (conditie-afhankelijk).
- **Bijzonderheden:** Step-through; torque sensor.

## Specificaties
**E-systeem**
- Motor: naafmotor (250 W (EU) / 85 Nm)
- Accu: 960 Wh (48.0 V / 20.0 Ah)
- Ondersteuning: tot 25 km/u (EU)

## Prijs & beschikbaarheid (EU)
- Richtprijs (EU): €1.699

## Actieradius
**Actieradius:** tot ~110 km (opgave; afhankelijk van stand/weer/terrein/belasting).

## Wettelijke noot (NL/EU)
Deze fiets is een **pedelec** voor NL/EU: ondersteuning tot **25 km/u**, **max. 250 W** continu, **geen gashendel > 6 km/u**.

## Filters (voor jullie e-bike categorie)
- **Merk:** Cyrusher
- **Model + versie:** Cyrusher Kommoda 3.0
- **Prijs:** €1.699
- **Actieradius:** ~110 km (opgave)
- **Accucapaciteit:** 960 Wh
- **Topsnelheid:** 25 km/u (EU)
- **Heren/Dames:** Unisex

## Links
- **Waar te koop:** https://cyrusher.eu/collections/electric-bikes
- **Bron(nen):** cyrusher.eu"
Cyrusher,Kommoda Pro,1999,Unisex,—,25,https://cyrusher.eu/collections/electric-bikes,cyrusher.eu,,,,52.0,20.0,1040,250.0,,,,,,,,52V systeem (EU gelimiteerd),"# Cyrusher Kommoda Pro — Fat-tire e-bike (1040 Wh, 25 km/u)

**Kort overzicht**  
Voorzien van een naafmotor (250 W (EU)) voor vlotte stads- en recreatieritten. De geïntegreerde accu is 1040 Wh (52.0 V, 20.0 Ah). Fabrikant/retailer claimt tot ~— km; praktijk hangt af van terrein, temperatuur, bandenspanning en rijstijl. EU-topsnelheid: 25 km/u (pedelec).

## Highlights
- **Soepele aandrijving:** naafmotor (250 W (EU)) met EU-begrenzing.
- **Energiepakket:** 1040 Wh (52.0 V / 20.0 Ah).
- **Actieradius (claim):** tot ~— km (ideale omstandigheden).
- **Bijzonderheden:** 52V systeem (EU gelimiteerd).

## Specificaties
**E-systeem**
- Motor: naafmotor (250 W (EU))
- Accu: 1040 Wh (52.0 V / 20.0 Ah)
- Ondersteuning: tot 25 km/u (EU)

## Prijs & beschikbaarheid (EU)
- Richtprijs (EU): €1.999

## Actieradius
**Actieradius (claim):** tot ~— km (ideale omstandigheden; praktijk varieert).

## Wettelijke noot (NL/EU)
Deze fiets is een **pedelec** voor NL/EU: ondersteuning tot **25 km/u**, **max. 250 W** continu, **geen gashendel > 6 km/u**.

## Filters (voor jullie e-bike categorie)
- **Merk:** Cyrusher
- **Model + versie:** Cyrusher Kommoda Pro
- **Prijs:** €1.999
- **Actieradius:** ~— km (claim)
- **Accucapaciteit:** 1040 Wh
- **Topsnelheid:** 25 km/u (EU)
- **Heren/Dames:** Unisex

## Links
- **Waar te koop:** https://cyrusher.eu/collections/electric-bikes
- **Bron(nen):** cyrusher.eu"
Cyrusher,XF900,1699,Unisex,—,25,https://cyrusher.eu/products/xf900,cyrusher.eu,,,100.0,48.0,17.0,816,250.0,,,,,,,,Vol geveerd; 26x4,"# Cyrusher XF900 — Fat-tire e-bike (816 Wh, 25 km/u)

**Kort overzicht**  
Voorzien van een naafmotor (250 W (EU)) voor vlotte stads- en recreatieritten. De geïntegreerde accu is 816 Wh (48.0 V, 17.0 Ah). Realistische actieradius (opgave): tot ~100 km onder gunstige omstandigheden. EU-topsnelheid: 25 km/u (pedelec).

## Highlights
- **Soepele aandrijving:** naafmotor (250 W (EU)) met EU-begrenzing.
- **Energiepakket:** 816 Wh (48.0 V / 17.0 Ah).
- **Actieradius:** tot ~100 km (conditie-afhankelijk).
- **Bijzonderheden:** Vol geveerd; 26x4.

## Specificaties
**E-systeem**
- Motor: naafmotor (250 W (EU))
- Accu: 816 Wh (48.0 V / 17.0 Ah)
- Ondersteuning: tot 25 km/u (EU)

## Prijs & beschikbaarheid (EU)
- Richtprijs (EU): €1.699

## Actieradius
**Actieradius:** tot ~100 km (opgave; afhankelijk van stand/weer/terrein/belasting).

## Wettelijke noot (NL/EU)
Deze fiets is een **pedelec** voor NL/EU: ondersteuning tot **25 km/u**, **max. 250 W** continu, **geen gashendel > 6 km/u**.

## Filters (voor jullie e-bike categorie)
- **Merk:** Cyrusher
- **Model + versie:** Cyrusher XF900
- **Prijs:** €1.699
- **Actieradius:** ~100 km (opgave)
- **Accucapaciteit:** 816 Wh
- **Topsnelheid:** 25 km/u (EU)
- **Heren/Dames:** Unisex

## Links
- **Waar te koop:** https://cyrusher.eu/products/xf900
- **Bron(nen):** cyrusher.eu"
Cyrusher,Ovia EEC,1799–1999,Unisex,Up to 80,45,https://cyrusher.eu/collections/electric-bikes,alphascootz.eu / pogo cycles,,,,52.0,17.0,884,750.0,,,,,,,,L1e-B e-moped (kentekenplichtig),"# Cyrusher Ovia EEC — Fat-tire e-bike (884 Wh, 45 km/u)

**Kort overzicht**  
Voorzien van een naafmotor (750 W (EU)) voor vlotte stads- en recreatieritten. De geïntegreerde accu is 884 Wh (52.0 V, 17.0 Ah). Fabrikant/retailer claimt tot ~Up to 80 km; praktijk hangt af van terrein, temperatuur, bandenspanning en rijstijl. EU-topsnelheid: 45 km/u (pedelec).

## Highlights
- **Soepele aandrijving:** naafmotor (750 W (EU)) met EU-begrenzing.
- **Energiepakket:** 884 Wh (52.0 V / 17.0 Ah).
- **Actieradius (claim):** tot ~Up to 80 km (ideale omstandigheden).
- **Bijzonderheden:** L1e-B e-moped (kentekenplichtig).

## Specificaties
**E-systeem**
- Motor: naafmotor (750 W (EU))
- Accu: 884 Wh (52.0 V / 17.0 Ah)
- Ondersteuning: tot 45 km/u (EU)

## Prijs & beschikbaarheid (EU)
- Richtprijs (EU): €1799–1999

## Actieradius
**Actieradius (claim):** tot ~Up to 80 km (ideale omstandigheden; praktijk varieert).

## Wettelijke noot (NL/EU)
Deze fiets is een **pedelec** voor NL/EU: ondersteuning tot **25 km/u**, **max. 250 W** continu, **geen gashendel > 6 km/u**.

## Filters (voor jullie e-bike categorie)
- **Merk:** Cyrusher
- **Model + versie:** Cyrusher Ovia EEC
- **Prijs:** €1799–1999
- **Actieradius:** ~Up to 80 km (claim)
- **Accucapaciteit:** 884 Wh
- **Topsnelheid:** 45 km/u (EU)
- **Heren/Dames:** Unisex

## Links
- **Waar te koop:** https://cyrusher.eu/collections/electric-bikes
- **Bron(nen):** alphascootz.eu / pogo cycles"
Cyrusher,Ranger 2.0,2799,Unisex,—,25,https://cyrusher.eu/collections/electric-bikes,cyrusher.eu,,,90.0,52.0,20.0,1040,250.0,,,,,,,,Torque sensor (EU beperkt),"# Cyrusher Ranger 2.0 — Fat-tire e-bike (1040 Wh, 25 km/u)

**Kort overzicht**  
Voorzien van een naafmotor (250 W (EU)) voor vlotte stads- en recreatieritten. De geïntegreerde accu is 1040 Wh (52.0 V, 20.0 Ah). Realistische actieradius (opgave): tot ~90 km onder gunstige omstandigheden. EU-topsnelheid: 25 km/u (pedelec).

## Highlights
- **Soepele aandrijving:** naafmotor (250 W (EU)) met EU-begrenzing.
- **Energiepakket:** 1040 Wh (52.0 V / 20.0 Ah).
- **Actieradius:** tot ~90 km (conditie-afhankelijk).
- **Bijzonderheden:** Torque sensor (EU beperkt).

## Specificaties
**E-systeem**
- Motor: naafmotor (250 W (EU))
- Accu: 1040 Wh (52.0 V / 20.0 Ah)
- Ondersteuning: tot 25 km/u (EU)

## Prijs & beschikbaarheid (EU)
- Richtprijs (EU): €2.799

## Actieradius
**Actieradius:** tot ~90 km (opgave; afhankelijk van stand/weer/terrein/belasting).

## Wettelijke noot (NL/EU)
Deze fiets is een **pedelec** voor NL/EU: ondersteuning tot **25 km/u**, **max. 250 W** continu, **geen gashendel > 6 km/u**.

## Filters (voor jullie e-bike categorie)
- **Merk:** Cyrusher
- **Model + versie:** Cyrusher Ranger 2.0
- **Prijs:** €2.799
- **Actieradius:** ~90 km (opgave)
- **Accucapaciteit:** 1040 Wh
- **Topsnelheid:** 25 km/u (EU)
- **Heren/Dames:** Unisex

## Links
- **Waar te koop:** https://cyrusher.eu/collections/electric-bikes
- **Bron(nen):** cyrusher.eu"
Cyrusher,Trax 2.0,2799,Unisex,—,25,https://cyrusher.eu/collections/electric-bikes,cyrusher.eu,,,,52.0,20.0,1040,250.0,,,,,,,,Vol geveerd (EU 25 km/u),"# Cyrusher Trax 2.0 — Fat-tire e-bike (1040 Wh, 25 km/u)

**Kort overzicht**  
Voorzien van een naafmotor (250 W (EU)) voor vlotte stads- en recreatieritten. De geïntegreerde accu is 1040 Wh (52.0 V, 20.0 Ah). Fabrikant/retailer claimt tot ~— km; praktijk hangt af van terrein, temperatuur, bandenspanning en rijstijl. EU-topsnelheid: 25 km/u (pedelec).

## Highlights
- **Soepele aandrijving:** naafmotor (250 W (EU)) met EU-begrenzing.
- **Energiepakket:** 1040 Wh (52.0 V / 20.0 Ah).
- **Actieradius (claim):** tot ~— km (ideale omstandigheden).
- **Bijzonderheden:** Vol geveerd (EU 25 km/u).

## Specificaties
**E-systeem**
- Motor: naafmotor (250 W (EU))
- Accu: 1040 Wh (52.0 V / 20.0 Ah)
- Ondersteuning: tot 25 km/u (EU)

## Prijs & beschikbaarheid (EU)
- Richtprijs (EU): €2.799

## Actieradius
**Actieradius (claim):** tot ~— km (ideale omstandigheden; praktijk varieert).

## Wettelijke noot (NL/EU)
Deze fiets is een **pedelec** voor NL/EU: ondersteuning tot **25 km/u**, **max. 250 W** continu, **geen gashendel > 6 km/u**.

## Filters (voor jullie e-bike categorie)
- **Merk:** Cyrusher
- **Model + versie:** Cyrusher Trax 2.0
- **Prijs:** €2.799
- **Actieradius:** ~— km (claim)
- **Accucapaciteit:** 1040 Wh
- **Topsnelheid:** 25 km/u (EU)
- **Heren/Dames:** Unisex

## Links
- **Waar te koop:** https://cyrusher.eu/collections/electric-bikes
- **Bron(nen):** cyrusher.eu"
OUXI,V8 3.0 2024 (15Ah),1349,Unisex,30–60,25,https://dailyridenl.nl/product/ouxi-v8-3-0-2024-15ah/,dailyridenl.nl,,,,,,,,,,,,,,,,"# OUXI V8 3.0 2024 (15Ah) — Fat-tire e-bike (25 km/u)

**Kort overzicht**  
Fabrikant/retailer claimt tot ~30–60 km; praktijk hangt af van terrein, temperatuur, bandenspanning en rijstijl. EU-topsnelheid: 25 km/u (pedelec).

## Highlights
- **Actieradius (claim):** tot ~30–60 km (ideale omstandigheden).

## Specificaties
**E-systeem**
- Ondersteuning: tot 25 km/u (EU)

## Prijs & beschikbaarheid (EU)
- Richtprijs (EU): €1.349

## Actieradius
**Actieradius (claim):** tot ~30–60 km (ideale omstandigheden; praktijk varieert).

## Wettelijke noot (NL/EU)
Deze fiets is een **pedelec** voor NL/EU: ondersteuning tot **25 km/u**, **max. 250 W** continu, **geen gashendel > 6 km/u**.

## Filters (voor jullie e-bike categorie)
- **Merk:** OUXI
- **Model + versie:** OUXI V8 3.0 2024 (15Ah)
- **Prijs:** €1.349
- **Actieradius:** ~30–60 km (claim)
- **Topsnelheid:** 25 km/u (EU)
- **Heren/Dames:** Unisex

## Links
- **Waar te koop:** https://dailyridenl.nl/product/ouxi-v8-3-0-2024-15ah/
- **Bron(nen):** dailyridenl.nl"
OUXI,V8 48V (variant),1549,Unisex,—,25,https://dailyridenl.nl,dailyridenl.nl,,,,,,,,,,,,,,,,"# OUXI V8 48V (variant) — Fat-tire e-bike (25 km/u)

**Kort overzicht**  
Fabrikant/retailer claimt tot ~— km; praktijk hangt af van terrein, temperatuur, bandenspanning en rijstijl. EU-topsnelheid: 25 km/u (pedelec).

## Highlights
- **Actieradius (claim):** tot ~— km (ideale omstandigheden).

## Specificaties
**E-systeem**
- Ondersteuning: tot 25 km/u (EU)

## Prijs & beschikbaarheid (EU)
- Richtprijs (EU): €1.549

## Actieradius
**Actieradius (claim):** tot ~— km (ideale omstandigheden; praktijk varieert).

## Wettelijke noot (NL/EU)
Deze fiets is een **pedelec** voor NL/EU: ondersteuning tot **25 km/u**, **max. 250 W** continu, **geen gashendel > 6 km/u**.

## Filters (voor jullie e-bike categorie)
- **Merk:** OUXI
- **Model + versie:** OUXI V8 48V (variant)
- **Prijs:** €1.549
- **Actieradius:** ~— km (claim)
- **Topsnelheid:** 25 km/u (EU)
- **Heren/Dames:** Unisex

## Links
- **Waar te koop:** https://dailyridenl.nl
- **Bron(nen):** dailyridenl.nl"
OUXI,V20 3.0 15Ah,1699,Unisex,—,25,https://dailyridenl.nl,dailyridenl.nl,,,,,,,,,,,,,,,,"# OUXI V20 3.0 15Ah — Fat-tire e-bike (25 km/u)

**Kort overzicht**  
Fabrikant/retailer claimt tot ~— km; praktijk hangt af van terrein, temperatuur, bandenspanning en rijstijl. EU-topsnelheid: 25 km/u (pedelec).

## Highlights
- **Actieradius (claim):** tot ~— km (ideale omstandigheden).

## Specificaties
**E-systeem**
- Ondersteuning: tot 25 km/u (EU)

## Prijs & beschikbaarheid (EU)
- Richtprijs (EU): €1.699

## Actieradius
**Actieradius (claim):** tot ~— km (ideale omstandigheden; praktijk varieert).

## Wettelijke noot (NL/EU)
Deze fiets is een **pedelec** voor NL/EU: ondersteuning tot **25 km/u**, **max. 250 W** continu, **geen gashendel > 6 km/u**.

## Filters (voor jullie e-bike categorie)
- **Merk:** OUXI
- **Model + versie:** OUXI V20 3.0 15Ah
- **Prijs:** €1.699
- **Actieradius:** ~— km (claim)
- **Topsnelheid:** 25 km/u (EU)
- **Heren/Dames:** Unisex

## Links
- **Waar te koop:** https://dailyridenl.nl
- **Bron(nen):** dailyridenl.nl"
OUXI,V20 2.0 12Ah,1299,Unisex,—,25,https://dailyridenl.nl,dailyridenl.nl,,,,,,,,,,,,,,,,"# OUXI V20 2.0 12Ah — Fat-tire e-bike (25 km/u)

**Kort overzicht**  
Fabrikant/retailer claimt tot ~— km; praktijk hangt af van terrein, temperatuur, bandenspanning en rijstijl. EU-topsnelheid: 25 km/u (pedelec).

## Highlights
- **Actieradius (claim):** tot ~— km (ideale omstandigheden).

## Specificaties
**E-systeem**
- Ondersteuning: tot 25 km/u (EU)

## Prijs & beschikbaarheid (EU)
- Richtprijs (EU): €1.299

## Actieradius
**Actieradius (claim):** tot ~— km (ideale omstandigheden; praktijk varieert).

## Wettelijke noot (NL/EU)
Deze fiets is een **pedelec** voor NL/EU: ondersteuning tot **25 km/u**, **max. 250 W** continu, **geen gashendel > 6 km/u**.

## Filters (voor jullie e-bike categorie)
- **Merk:** OUXI
- **Model + versie:** OUXI V20 2.0 12Ah
- **Prijs:** €1.299
- **Actieradius:** ~— km (claim)
- **Topsnelheid:** 25 km/u (EU)
- **Heren/Dames:** Unisex

## Links
- **Waar te koop:** https://dailyridenl.nl
- **Bron(nen):** dailyridenl.nl"
OUXI,H9 Pro 15Ah,1349,Unisex,—,25,https://dailyridenl.nl,dailyridenl.nl,,,,,,,,,,,,,,,,"# OUXI H9 Pro 15Ah — Fat-tire e-bike (25 km/u)

**Kort overzicht**  
Fabrikant/retailer claimt tot ~— km; praktijk hangt af van terrein, temperatuur, bandenspanning en rijstijl. EU-topsnelheid: 25 km/u (pedelec).

## Highlights
- **Actieradius (claim):** tot ~— km (ideale omstandigheden).

## Specificaties
**E-systeem**
- Ondersteuning: tot 25 km/u (EU)

## Prijs & beschikbaarheid (EU)
- Richtprijs (EU): €1.349

## Actieradius
**Actieradius (claim):** tot ~— km (ideale omstandigheden; praktijk varieert).

## Wettelijke noot (NL/EU)
Deze fiets is een **pedelec** voor NL/EU: ondersteuning tot **25 km/u**, **max. 250 W** continu, **geen gashendel > 6 km/u**.

## Filters (voor jullie e-bike categorie)
- **Merk:** OUXI
- **Model + versie:** OUXI H9 Pro 15Ah
- **Prijs:** €1.349
- **Actieradius:** ~— km (claim)
- **Topsnelheid:** 25 km/u (EU)
- **Heren/Dames:** Unisex

## Links
- **Waar te koop:** https://dailyridenl.nl
- **Bron(nen):** dailyridenl.nl"
OUXI,EB2 Pro,1249,Unisex,—,25,https://dailyridenl.nl,dailyridenl.nl,,,,,,,,,,,,,,,,"# OUXI EB2 Pro — Fat-tire e-bike (25 km/u)

**Kort overzicht**  
Fabrikant/retailer claimt tot ~— km; praktijk hangt af van terrein, temperatuur, bandenspanning en rijstijl. EU-topsnelheid: 25 km/u (pedelec).

## Highlights
- **Actieradius (claim):** tot ~— km (ideale omstandigheden).

## Specificaties
**E-systeem**
- Ondersteuning: tot 25 km/u (EU)

## Prijs & beschikbaarheid (EU)
- Richtprijs (EU): €1.249

## Actieradius
**Actieradius (claim):** tot ~— km (ideale omstandigheden; praktijk varieert).

## Wettelijke noot (NL/EU)
Deze fiets is een **pedelec** voor NL/EU: ondersteuning tot **25 km/u**, **max. 250 W** continu, **geen gashendel > 6 km/u**.

## Filters (voor jullie e-bike categorie)
- **Merk:** OUXI
- **Model + versie:** OUXI EB2 Pro
- **Prijs:** €1.249
- **Actieradius:** ~— km (claim)
- **Topsnelheid:** 25 km/u (EU)
- **Heren/Dames:** Unisex

## Links
- **Waar te koop:** https://dailyridenl.nl
- **Bron(nen):** dailyridenl.nl"
OUXI,EB4 Pro,1299,Unisex,—,25,https://dailyridenl.nl,dailyridenl.nl,,,,,,,,,,,,,,,,"# OUXI EB4 Pro — Fat-tire e-bike (25 km/u)

**Kort overzicht**  
Fabrikant/retailer claimt tot ~— km; praktijk hangt af van terrein, temperatuur, bandenspanning en rijstijl. EU-topsnelheid: 25 km/u (pedelec).

## Highlights
- **Actieradius (claim):** tot ~— km (ideale omstandigheden).

## Specificaties
**E-systeem**
- Ondersteuning: tot 25 km/u (EU)

## Prijs & beschikbaarheid (EU)
- Richtprijs (EU): €1.299

## Actieradius
**Actieradius (claim):** tot ~— km (ideale omstandigheden; praktijk varieert).

## Wettelijke noot (NL/EU)
Deze fiets is een **pedelec** voor NL/EU: ondersteuning tot **25 km/u**, **max. 250 W** continu, **geen gashendel > 6 km/u**.

## Filters (voor jullie e-bike categorie)
- **Merk:** OUXI
- **Model + versie:** OUXI EB4 Pro
- **Prijs:** €1.299
- **Actieradius:** ~— km (claim)
- **Topsnelheid:** 25 km/u (EU)
- **Heren/Dames:** Unisex

## Links
- **Waar te koop:** https://dailyridenl.nl
- **Bron(nen):** dailyridenl.nl"
OUXI,EB8 Pro / Lite,1199–1299,Unisex,—,25,https://dailyridenl.nl,dailyridenl.nl,,,,,,,,,,,,,,,,"# OUXI EB8 Pro / Lite — Fat-tire e-bike (25 km/u)

**Kort overzicht**  
Fabrikant/retailer claimt tot ~— km; praktijk hangt af van terrein, temperatuur, bandenspanning en rijstijl. EU-topsnelheid: 25 km/u (pedelec).

## Highlights
- **Actieradius (claim):** tot ~— km (ideale omstandigheden).

## Specificaties
**E-systeem**
- Ondersteuning: tot 25 km/u (EU)

## Prijs & beschikbaarheid (EU)
- Richtprijs (EU): €1199–1299

## Actieradius
**Actieradius (claim):** tot ~— km (ideale omstandigheden; praktijk varieert).

## Wettelijke noot (NL/EU)
Deze fiets is een **pedelec** voor NL/EU: ondersteuning tot **25 km/u**, **max. 250 W** continu, **geen gashendel > 6 km/u**.

## Filters (voor jullie e-bike categorie)
- **Merk:** OUXI
- **Model + versie:** OUXI EB8 Pro / Lite
- **Prijs:** €1199–1299
- **Actieradius:** ~— km (claim)
- **Topsnelheid:** 25 km/u (EU)
- **Heren/Dames:** Unisex

## Links
- **Waar te koop:** https://dailyridenl.nl
- **Bron(nen):** dailyridenl.nl"
OUXI,H6 Pro (example),—,Unisex,—,25,https://dailyridenl.nl,dailyridenl.nl,,,,,,,,,,,,,,,,"# OUXI H6 Pro (example) — Fat-tire e-bike (25 km/u)

**Kort overzicht**  
Fabrikant/retailer claimt tot ~— km; praktijk hangt af van terrein, temperatuur, bandenspanning en rijstijl. EU-topsnelheid: 25 km/u (pedelec).

## Highlights
- **Actieradius (claim):** tot ~— km (ideale omstandigheden).

## Specificaties
**E-systeem**
- Ondersteuning: tot 25 km/u (EU)

## Prijs & beschikbaarheid (EU)
- Richtprijs (EU): €—

## Actieradius
**Actieradius (claim):** tot ~— km (ideale omstandigheden; praktijk varieert).

## Wettelijke noot (NL/EU)
Deze fiets is een **pedelec** voor NL/EU: ondersteuning tot **25 km/u**, **max. 250 W** continu, **geen gashendel > 6 km/u**.

## Filters (voor jullie e-bike categorie)
- **Merk:** OUXI
- **Model + versie:** OUXI H6 Pro (example)
- **Prijs:** €—
- **Actieradius:** ~— km (claim)
- **Topsnelheid:** 25 km/u (EU)
- **Heren/Dames:** Unisex

## Links
- **Waar te koop:** https://dailyridenl.nl
- **Bron(nen):** dailyridenl.nl"
Ruff Cycles,Lil'Buddy (EU 250W),—,Unisex,—,25,https://www.ruff-cycles.com/collections/lilbuddy,ruff-cycles.com,,,,,,,,,,,,,,,,"# Ruff Cycles Lil'Buddy (EU 250W) — Fat-tire e-bike (25 km/u)

**Kort overzicht**  
Fabrikant/retailer claimt tot ~— km; praktijk hangt af van terrein, temperatuur, bandenspanning en rijstijl. EU-topsnelheid: 25 km/u (pedelec).

## Highlights
- **Actieradius (claim):** tot ~— km (ideale omstandigheden).

## Specificaties
**E-systeem**
- Ondersteuning: tot 25 km/u (EU)

## Prijs & beschikbaarheid (EU)
- Richtprijs (EU): €—

## Actieradius
**Actieradius (claim):** tot ~— km (ideale omstandigheden; praktijk varieert).

## Wettelijke noot (NL/EU)
Deze fiets is een **pedelec** voor NL/EU: ondersteuning tot **25 km/u**, **max. 250 W** continu, **geen gashendel > 6 km/u**.

## Filters (voor jullie e-bike categorie)
- **Merk:** Ruff Cycles
- **Model + versie:** Ruff Cycles Lil'Buddy (EU 250W)
- **Prijs:** €—
- **Actieradius:** ~— km (claim)
- **Topsnelheid:** 25 km/u (EU)
- **Heren/Dames:** Unisex

## Links
- **Waar te koop:** https://www.ruff-cycles.com/collections/lilbuddy
- **Bron(nen):** ruff-cycles.com"
Mate,MATE X (EU 250W),—,Unisex,—,25,https://mate.bike/,mate.bike,,,,,,,,,,,,,,,,"# Mate MATE X (EU 250W) — Fat-tire e-bike (25 km/u)

**Kort overzicht**  
Fabrikant/retailer claimt tot ~— km; praktijk hangt af van terrein, temperatuur, bandenspanning en rijstijl. EU-topsnelheid: 25 km/u (pedelec).

## Highlights
- **Actieradius (claim):** tot ~— km (ideale omstandigheden).

## Specificaties
**E-systeem**
- Ondersteuning: tot 25 km/u (EU)

## Prijs & beschikbaarheid (EU)
- Richtprijs (EU): €—

## Actieradius
**Actieradius (claim):** tot ~— km (ideale omstandigheden; praktijk varieert).

## Wettelijke noot (NL/EU)
Deze fiets is een **pedelec** voor NL/EU: ondersteuning tot **25 km/u**, **max. 250 W** continu, **geen gashendel > 6 km/u**.

## Filters (voor jullie e-bike categorie)
- **Merk:** Mate
- **Model + versie:** Mate MATE X (EU 250W)
- **Prijs:** €—
- **Actieradius:** ~— km (claim)
- **Topsnelheid:** 25 km/u (EU)
- **Heren/Dames:** Unisex

## Links
- **Waar te koop:** https://mate.bike/
- **Bron(nen):** mate.bike"
Rad Power Bikes,RadExpand 5 (EU),—,Unisex,—,25,https://radpowerbikes.eu/,radpowerbikes.eu,,,70.0,48.0,14.0,672,250.0,,,,,,,,20x4 vouwfiets; stap-thru,"# Rad Power Bikes RadExpand 5 (EU) — Fat-tire e-bike (672 Wh, 25 km/u)

**Kort overzicht**  
Voorzien van een naafmotor (250 W (EU)) voor vlotte stads- en recreatieritten. De geïntegreerde accu is 672 Wh (48.0 V, 14.0 Ah). Realistische actieradius (opgave): tot ~70 km onder gunstige omstandigheden. EU-topsnelheid: 25 km/u (pedelec).

## Highlights
- **Soepele aandrijving:** naafmotor (250 W (EU)) met EU-begrenzing.
- **Energiepakket:** 672 Wh (48.0 V / 14.0 Ah).
- **Actieradius:** tot ~70 km (conditie-afhankelijk).
- **Bijzonderheden:** 20x4 vouwfiets; stap-thru.

## Specificaties
**E-systeem**
- Motor: naafmotor (250 W (EU))
- Accu: 672 Wh (48.0 V / 14.0 Ah)
- Ondersteuning: tot 25 km/u (EU)

## Prijs & beschikbaarheid (EU)
- Richtprijs (EU): €—

## Actieradius
**Actieradius:** tot ~70 km (opgave; afhankelijk van stand/weer/terrein/belasting).

## Wettelijke noot (NL/EU)
Deze fiets is een **pedelec** voor NL/EU: ondersteuning tot **25 km/u**, **max. 250 W** continu, **geen gashendel > 6 km/u**.

## Filters (voor jullie e-bike categorie)
- **Merk:** Rad Power Bikes
- **Model + versie:** Rad Power Bikes RadExpand 5 (EU)
- **Prijs:** €—
- **Actieradius:** ~70 km (opgave)
- **Accucapaciteit:** 672 Wh
- **Topsnelheid:** 25 km/u (EU)
- **Heren/Dames:** Unisex

## Links
- **Waar te koop:** https://radpowerbikes.eu/
- **Bron(nen):** radpowerbikes.eu"
